hipotese_final,quantidade_fluxos,percentual
mqtt_abuse,83,0.6859504132231405
slow_dos,22,0.18181818181818182
dos_flood,16,0.1322314049586777
