classe_detalhada,quantidade_fluxos,percentual
c2_beacon,90,0.6040268456375839
bruteforce,58,0.38926174496644295
mqtt_abuse,1,0.006711409395973154
