hipotese_final,quantidade_fluxos,percentual
slow_dos,196,0.8412017167381974
dos_flood,20,0.08583690987124463
mqtt_abuse,16,0.06866952789699571
bruteforce,1,0.004291845493562232
