classe_detalhada,quantidade_fluxos,percentual
mqtt_abuse,74,0.6115702479338843
dos_flood,36,0.2975206611570248
slow_dos,11,0.09090909090909091
