macroclasse,quantidade_fluxos,percentual
availability_abuse,387,0.47601476014760147
auth_control_repetition,220,0.27060270602706027
recon_scan,150,0.18450184501845018
benign,56,0.06888068880688807
