classe,recall
benign,1.0
bruteforce,0.9938271604938271
c2_beacon,0.9215384615384615
dos_flood,0.7508549096238397
mqtt_abuse,0.7906976744186046
scan,1.0
slow_dos,0.7531305903398927
