classe_detalhada,quantidade_fluxos,percentual
slow_dos,183,0.7854077253218884
dos_flood,43,0.18454935622317598
mqtt_abuse,7,0.030042918454935622
