hipotese_final,quantidade_fluxos,percentual
c2_beacon,91,0.610738255033557
bruteforce,57,0.3825503355704698
slow_dos,1,0.006711409395973154
